<hi2txt>
  <table>
    <col>RANK</col><col>SCORE</col><col>NAME</col><col>GRADE</col>
    <row><cell>1</cell><cell>30000</cell><cell>CAP</cell><cell>7</cell></row>
    <row><cell>2</cell><cell>29000</cell><cell>COM</cell><cell>6</cell></row>
    <row><cell>3</cell><cell>28000</cell><cell>CAP</cell><cell>COLONEL</cell></row>
    <row><cell>4</cell><cell>27000</cell><cell>COM</cell><cell>LIEUTENANT COLONEL</cell></row>
    <row><cell>5</cell><cell>26000</cell><cell>J01</cell><cell>MAJOR</cell></row>
    <row><cell>6</cell><cell>25000</cell><cell>COM</cell><cell>SECOND LIEUTENANT</cell></row>
    <row><cell>7</cell><cell>24000</cell><cell>CAP</cell><cell>SECOND LIEUTENANT</cell></row>
    <row><cell>8</cell><cell>23000</cell><cell>COM</cell><cell>SECOND LIEUTENANT</cell></row>
    <row><cell>9</cell><cell>22000</cell><cell>CAP</cell><cell>SECOND LIEUTENANT</cell></row>
    <row><cell>10</cell><cell>21000</cell><cell>COM</cell><cell>SECOND LIEUTENANT</cell></row>
  </table>
</hi2txt>


