<hi2txt>
  <table>
    <col>RANK</col><col>SCORE</col><col>NAME</col><col>STAGE</col>
    <row><cell>1</cell><cell>40000</cell><cell>LJN77777</cell><cell>0</cell></row>
    <row><cell>2</cell><cell>35000</cell><cell>JEK77777</cell><cell>0</cell></row>
    <row><cell>3</cell><cell>30000</cell><cell>KJF77777</cell><cell>0</cell></row>
    <row><cell>4</cell><cell>25000</cell><cell>MWS77777</cell><cell>0</cell></row>
    <row><cell>5</cell><cell>20000</cell><cell>RDJ77777</cell><cell>0</cell></row>
    <row><cell>6</cell><cell>9999</cell><cell>AML77777</cell><cell>0</cell></row>
    <row><cell>7</cell><cell>8888</cell><cell>TRC77777</cell><cell>0</cell></row>
    <row><cell>8</cell><cell>7777</cell><cell>J C77777</cell><cell>0</cell></row>
    <row><cell>9</cell><cell>6666</cell><cell>KEK77777</cell><cell>0</cell></row>
    <row><cell>10</cell><cell>5555</cell><cell>LED77777</cell><cell>0</cell></row>
    <row><cell>11</cell><cell>4444</cell><cell>CAP77777</cell><cell>0</cell></row>
    <row><cell>12</cell><cell>3333</cell><cell>COM77777</cell><cell>0</cell></row>
    <row><cell>13</cell><cell>2222</cell><cell>ALL77777</cell><cell>0</cell></row>
    <row><cell>14</cell><cell>1111</cell><cell>RIG77777</cell><cell>0</cell></row>
    <row><cell>15</cell><cell>1000</cell><cell>HT 77777</cell><cell>0</cell></row>
    <row><cell>16</cell><cell>999</cell><cell>RES77777</cell><cell>0</cell></row>
    <row><cell>17</cell><cell>888</cell><cell>ERV77777</cell><cell>0</cell></row>
    <row><cell>18</cell><cell>777</cell><cell>ED.77777</cell><cell>0</cell></row>
    <row><cell>19</cell><cell>666</cell><cell>&#169; 877777</cell><cell>0</cell></row>
    <row><cell>20</cell><cell>555</cell><cell>@?;77777</cell><cell>0</cell></row>
    <row><cell>21</cell><cell>500</cell><cell>   77777</cell><cell>0</cell></row>
    <row><cell>22</cell><cell>400</cell><cell>   77777</cell><cell>0</cell></row>
    <row><cell>23</cell><cell>300</cell><cell>   77777</cell><cell>0</cell></row>
    <row><cell>24</cell><cell>200</cell><cell>   77777</cell><cell>0</cell></row>
    <row><cell>25</cell><cell>100</cell><cell>   77777</cell><cell>0</cell></row>
  </table>
</hi2txt>


