<hi2txt>
  <table>
    <col>RANK</col><col>SCORE</col><col>NAME</col><col>STAGE</col>
    <row><cell>1</cell><cell>40000</cell><cell>&#169; CAPCOM</cell><cell>0</cell></row>
    <row><cell>2</cell><cell>35000</cell><cell>ALL     </cell><cell>0</cell></row>
    <row><cell>3</cell><cell>30000</cell><cell>RIGHT   </cell><cell>0</cell></row>
    <row><cell>4</cell><cell>25000</cell><cell>RESERVED</cell><cell>0</cell></row>
    <row><cell>5</cell><cell>20000</cell><cell>EXEDEXES</cell><cell>0</cell></row>
    <row><cell>6</cell><cell>9999</cell><cell>VULGUS  </cell><cell>0</cell></row>
    <row><cell>7</cell><cell>8888</cell><cell>SONSON  </cell><cell>0</cell></row>
    <row><cell>8</cell><cell>7777</cell><cell>HIGEMARU</cell><cell>0</cell></row>
    <row><cell>9</cell><cell>6666</cell><cell>EXEDEXES</cell><cell>0</cell></row>
    <row><cell>10</cell><cell>5555</cell><cell>NAKASATO</cell><cell>0</cell></row>
    <row><cell>11</cell><cell>1500</cell><cell>        </cell><cell>0</cell></row>
    <row><cell>12</cell><cell>1400</cell><cell>        </cell><cell>0</cell></row>
    <row><cell>13</cell><cell>1300</cell><cell>        </cell><cell>0</cell></row>
    <row><cell>14</cell><cell>1200</cell><cell>        </cell><cell>0</cell></row>
    <row><cell>15</cell><cell>1100</cell><cell>        </cell><cell>0</cell></row>
    <row><cell>16</cell><cell>1000</cell><cell>        </cell><cell>0</cell></row>
    <row><cell>17</cell><cell>900</cell><cell>        </cell><cell>0</cell></row>
    <row><cell>18</cell><cell>800</cell><cell>        </cell><cell>0</cell></row>
    <row><cell>19</cell><cell>700</cell><cell>        </cell><cell>0</cell></row>
    <row><cell>20</cell><cell>600</cell><cell>        </cell><cell>0</cell></row>
    <row><cell>21</cell><cell>500</cell><cell>        </cell><cell>0</cell></row>
    <row><cell>22</cell><cell>400</cell><cell>        </cell><cell>0</cell></row>
    <row><cell>23</cell><cell>300</cell><cell>        </cell><cell>0</cell></row>
    <row><cell>24</cell><cell>200</cell><cell>        </cell><cell>0</cell></row>
    <row><cell>25</cell><cell>100</cell><cell>        </cell><cell>0</cell></row>
  </table>
</hi2txt>


