<hi2txt>
  <table>
    <col>RANK</col><col>SCORE</col><col>NAME</col><col>STAGE</col><col>START STAGE</col><col>DESTROY RATE</col>
    <row><cell>1</cell><cell>1000000</cell><cell>CAP</cell><cell>3</cell><cell>1</cell><cell>90%</cell></row>
    <row><cell>2</cell><cell>900000</cell><cell>COM</cell><cell>3</cell><cell>1</cell><cell>85%</cell></row>
    <row><cell>3</cell><cell>800000</cell><cell>CAP</cell><cell>3</cell><cell>1</cell><cell>80%</cell></row>
    <row><cell>4</cell><cell>700000</cell><cell>COM</cell><cell>2</cell><cell>1</cell><cell>75%</cell></row>
    <row><cell>5</cell><cell>600000</cell><cell>CAP</cell><cell>2</cell><cell>1</cell><cell>70%</cell></row>
    <row><cell>6</cell><cell>500000</cell><cell>COM</cell><cell>2</cell><cell>1</cell><cell>65%</cell></row>
    <row><cell>7</cell><cell>400000</cell><cell>CAP</cell><cell>1</cell><cell>1</cell><cell>60%</cell></row>
    <row><cell>8</cell><cell>300000</cell><cell>COM</cell><cell>1</cell><cell>1</cell><cell>55%</cell></row>
    <row><cell>9</cell><cell>200000</cell><cell>CAP</cell><cell>1</cell><cell>1</cell><cell>50%</cell></row>
    <row><cell>10</cell><cell>100000</cell><cell>COM</cell><cell>1</cell><cell>1</cell><cell>45%</cell></row>
  </table>
</hi2txt>

