<hi2txt>
  <table>
    <col>RANK</col><col>SCORE</col><col>NAME</col>
    <row><cell>1</cell><cell>500000</cell><cell>ANI</cell></row>
    <row><cell>2</cell><cell>400000</cell><cell>EAA</cell></row>
    <row><cell>3</cell><cell>300000</cell><cell>XUZ</cell></row>
    <row><cell>4</cell><cell>200000</cell><cell>TOY</cell></row>
    <row><cell>5</cell><cell>100000</cell><cell>MAN</cell></row>
    <row><cell>6</cell><cell>50000</cell><cell>PRO</cell></row>
    <row><cell>7</cell><cell>10000</cell><cell>MHH</cell></row>
    <row><cell>8</cell><cell>10000</cell><cell>MHH</cell></row>
    <row><cell>9</cell><cell>5000</cell><cell>MHH</cell></row>
    <row><cell>10</cell><cell>5000</cell><cell>MHH</cell></row>
  </table>
</hi2txt>


