<hi2txt>
  <table id="TOP SCORES">
    <col>RANK</col><col>SCORE</col><col>NAME</col><col>PLANE</col><col>LEVEL</col>
    <row><cell>1</cell><cell>100000</cell><cell>UEN</cell><cell>LIGHTNING(P1)</cell><cell>11</cell></row>
    <row><cell>2</cell><cell>90000</cell><cell>KWB</cell><cell>SINDEN(P1)</cell><cell>10</cell></row>
    <row><cell>3</cell><cell>80000</cell><cell>HDO</cell><cell>MOSQUITO(P1)</cell><cell>9</cell></row>
    <row><cell>4</cell><cell>70000</cell><cell>INB</cell><cell>LIGHTNING(P1)</cell><cell>8</cell></row>
    <row><cell>5</cell><cell>60000</cell><cell>KMT</cell><cell>SINDEN(P1)</cell><cell>7</cell></row>
    <row><cell>6</cell><cell>50000</cell><cell>YOU</cell><cell>LIGHTNING(P1)</cell><cell>6</cell></row>
    <row><cell>7</cell><cell>40000</cell><cell>YOK</cell><cell>SINDEN(P1)</cell><cell>5</cell></row>
    <row><cell>8</cell><cell>30000</cell><cell>IKE</cell><cell>MOSQUITO(P1)</cell><cell>4</cell></row>
    <row><cell>9</cell><cell>20000</cell><cell>NON</cell><cell>LIGHTNING(P1)</cell><cell>3</cell></row>
    <row><cell>10</cell><cell>10000</cell><cell>OBT</cell><cell>SINDEN(P1)</cell><cell>2</cell></row>
    <row><cell>11</cell><cell>0</cell><cell>AAA</cell><cell>LIGHTNING(P1)</cell><cell>1</cell></row>
    <row><cell>12</cell><cell>0</cell><cell>AAA</cell><cell>LIGHTNING(P1)</cell><cell>1</cell></row>
  </table>
</hi2txt>


