<hi2txt>
  <table>
    <col>RANK</col><col>SCORE</col><col>NAME</col>
    <row><cell>1</cell><cell>25000</cell><cell>JOE</cell></row>
    <row><cell>2</cell><cell>19000</cell><cell>DER</cell></row>
    <row><cell>3</cell><cell>18000</cell><cell>ITA</cell></row>
    <row><cell>4</cell><cell>17000</cell><cell>JOE</cell></row>
    <row><cell>5</cell><cell>16000</cell><cell>BES</cell></row>
    <row><cell>6</cell><cell>15000</cell><cell>SER</cell></row>
    <row><cell>7</cell><cell>14000</cell><cell>SHE</cell></row>
    <row><cell>8</cell><cell>13000</cell><cell>MPH</cell></row>
    <row><cell>9</cell><cell>12000</cell><cell>OWA</cell></row>
    <row><cell>10</cell><cell>11000</cell><cell>RDE</cell></row>
    <row><cell>11</cell><cell>10000</cell><cell>MIL</cell></row>
    <row><cell>12</cell><cell>9000</cell><cell>SIT</cell></row>
    <row><cell>13</cell><cell>8000</cell><cell>KAA</cell></row>
    <row><cell>14</cell><cell>7000</cell><cell>NDT</cell></row>
    <row><cell>15</cell><cell>6000</cell><cell>HAN</cell></row>
    <row><cell>16</cell><cell>5000</cell><cell>KYO</cell></row>
    <row><cell>17</cell><cell>4000</cell><cell>UTE</cell></row>
    <row><cell>18</cell><cell>3000</cell><cell>DHE</cell></row>
    <row><cell>19</cell><cell>2000</cell><cell>ALY</cell></row>
    <row><cell>20</cell><cell>1000</cell><cell>SAM</cell></row>
    <row><cell>21</cell><cell>90</cell><cell>LEE</cell></row>
  </table>
</hi2txt>