<hi2txt>
  <table>
    <col>RANK</col><col>SCORE</col>
    <row><cell>1</cell><cell>10000</cell></row>
    <row><cell>2</cell><cell>10000</cell></row>
    <row><cell>3</cell><cell>10000</cell></row>
    <row><cell>4</cell><cell>10000</cell></row>
    <row><cell>5</cell><cell>10000</cell></row>
    <row><cell>6</cell><cell>10000</cell></row>
    <row><cell>7</cell><cell>10000</cell></row>
    <row><cell>8</cell><cell>10000</cell></row>
    <row><cell>9</cell><cell>10000</cell></row>
    <row><cell>10</cell><cell>10000</cell></row>
  </table>
</hi2txt>


