<hi2txt>
  <table>
    <col>RANK</col><col>SCORE</col><col>NAME</col><col>STAGE</col>
    <row><cell>1</cell><cell>10000000</cell><cell>RGV</cell><cell>3-1</cell></row>
    <row><cell>2</cell><cell>9000000</cell><cell>RVF</cell><cell>2-2</cell></row>
    <row><cell>3</cell><cell>8000000</cell><cell>YZF</cell><cell>2-2</cell></row>
    <row><cell>4</cell><cell>7000000</cell><cell>ZXR</cell><cell>1-2</cell></row>
    <row><cell>5</cell><cell>6000000</cell><cell>YZR</cell><cell>1-2</cell></row>
    <row><cell>6</cell><cell>5000000</cell><cell>NSR</cell><cell>1-1</cell></row>
    <row><cell>7</cell><cell>4000000</cell><cell>CUB</cell><cell>1-1</cell></row>
  </table>
</hi2txt>


