<hi2txt>
  <table>
    <col>RANK</col><col>SCORE</col><col>NAME</col><col>HIT</col><col>MEDALS</col>
    <row><cell>1</cell><cell>7000000</cell><cell>YU. </cell><cell>1000</cell><cell>5</cell></row>
    <row><cell>2</cell><cell>6500000</cell><cell>KIM </cell><cell>900</cell><cell>4</cell></row>
    <row><cell>3</cell><cell>6000000</cell><cell>BIN </cell><cell>800</cell><cell>3</cell></row>
    <row><cell>4</cell><cell>5500000</cell><cell>SAD </cell><cell>700</cell><cell>2</cell></row>
    <row><cell>5</cell><cell>5000000</cell><cell>KEY </cell><cell>600</cell><cell>1</cell></row>
    <row><cell>6</cell><cell>4500000</cell><cell>HIR </cell><cell>500</cell><cell>0</cell></row>
    <row><cell>7</cell><cell>4000000</cell><cell>Y.N </cell><cell>400</cell><cell>0</cell></row>
    <row><cell>8</cell><cell>3500000</cell><cell>PIG </cell><cell>300</cell><cell>0</cell></row>
    <row><cell>9</cell><cell>2500000</cell><cell>MON </cell><cell>200</cell><cell>0</cell></row>
    <row><cell>10</cell><cell>2000000</cell><cell>TO3 </cell><cell>100</cell><cell>0</cell></row>
    <row><cell>11</cell><cell>1900000</cell><cell>LU4 </cell><cell>90</cell><cell>0</cell></row>
    <row><cell>12</cell><cell>1800000</cell><cell>KEN </cell><cell>80</cell><cell>0</cell></row>
    <row><cell>13</cell><cell>1700000</cell><cell>NAO </cell><cell>70</cell><cell>0</cell></row>
    <row><cell>14</cell><cell>1600000</cell><cell>YAS </cell><cell>60</cell><cell>0</cell></row>
    <row><cell>15</cell><cell>1500000</cell><cell>KTG </cell><cell>50</cell><cell>0</cell></row>
    <row><cell>16</cell><cell>1400000</cell><cell>MAC </cell><cell>40</cell><cell>0</cell></row>
    <row><cell>17</cell><cell>1300000</cell><cell>USA </cell><cell>30</cell><cell>0</cell></row>
    <row><cell>18</cell><cell>1200000</cell><cell>P   </cell><cell>20</cell><cell>0</cell></row>
    <row><cell>19</cell><cell>1100000</cell><cell>HOB </cell><cell>10</cell><cell>0</cell></row>
    <row><cell>20</cell><cell>1000000</cell><cell>GOK </cell><cell>0</cell><cell>0</cell></row>
  </table>
</hi2txt>

