<hi2txt>
  <table>
    <col>RANK</col><col>LEVEL</col><col>SCORE</col><col>NAME</col>
    <row><cell>1</cell><cell>FINAL</cell><cell>15x12</cell><cell>KZM</cell></row>
    <row><cell>2</cell><cell>FINAL</cell><cell>15x13</cell><cell>   </cell></row>
    <row><cell>3</cell><cell>SEMIFINAL</cell><cell>15x12</cell><cell>ITO</cell></row>
    <row><cell>4</cell><cell>SEMIFINAL</cell><cell>15x13</cell><cell>MIN</cell></row>
    <row><cell>5</cell><cell>3RD</cell><cell>15x12</cell><cell>YAM</cell></row>
    <row><cell>6</cell><cell>3RD</cell><cell>15x13</cell><cell>   </cell></row>
    <row><cell>7</cell><cell>2ND</cell><cell>15x12</cell><cell>   </cell></row>
    <row><cell>8</cell><cell>2ND</cell><cell>15x13</cell><cell>NAG</cell></row>
    <row><cell>9</cell><cell>1ST</cell><cell>15x0</cell><cell>   </cell></row>
    <row><cell>10</cell><cell>1ST</cell><cell>15x1</cell><cell>HAS</cell></row>
    <row><cell>11</cell><cell>1ST</cell><cell>15x2</cell><cell>   </cell></row>
    <row><cell>12</cell><cell>1ST</cell><cell>15x3</cell><cell>   </cell></row>
    <row><cell>13</cell><cell>1ST</cell><cell>15x4</cell><cell>   </cell></row>
    <row><cell>14</cell><cell>1ST</cell><cell>15x5</cell><cell>   </cell></row>
    <row><cell>15</cell><cell>1ST</cell><cell>15x6</cell><cell>   </cell></row>
    <row><cell>16</cell><cell>1ST</cell><cell>15x7</cell><cell>   </cell></row>
    <row><cell>17</cell><cell>1ST</cell><cell>15x8</cell><cell>   </cell></row>
    <row><cell>18</cell><cell>1ST</cell><cell>15x9</cell><cell>   </cell></row>
    <row><cell>19</cell><cell>1ST</cell><cell>15x10</cell><cell>SAI</cell></row>
    <row><cell>20</cell><cell>1ST</cell><cell>15x10</cell><cell>   </cell></row>
    <row><cell>21</cell><cell>1ST</cell><cell>15x11</cell><cell>   </cell></row>
    <row><cell>22</cell><cell>1ST</cell><cell>15x11</cell><cell>   </cell></row>
    <row><cell>23</cell><cell>1ST</cell><cell>15x12</cell><cell>   </cell></row>
    <row><cell>24</cell><cell>1ST</cell><cell>15x12</cell><cell>   </cell></row>
    <row><cell>25</cell><cell>1ST</cell><cell>15x13</cell><cell>   </cell></row>
    <row><cell>26</cell><cell>1ST</cell><cell>15x13</cell><cell>   </cell></row>
    <row><cell>27</cell><cell>ELIMINATION</cell><cell>15x0</cell><cell>DBS</cell></row>
    <row><cell>28</cell><cell>ELIMINATION</cell><cell>15x1</cell><cell>   </cell></row>
    <row><cell>29</cell><cell>ELIMINATION</cell><cell>15x2</cell><cell>OGW</cell></row>
    <row><cell>30</cell><cell>ELIMINATION</cell><cell>15x3</cell><cell>   </cell></row>
    <row><cell>31</cell><cell>ELIMINATION</cell><cell>15x4</cell><cell>   </cell></row>
    <row><cell>32</cell><cell>ELIMINATION</cell><cell>15x5</cell><cell>   </cell></row>
    <row><cell>33</cell><cell>ELIMINATION</cell><cell>15x6</cell><cell>NKG</cell></row>
    <row><cell>34</cell><cell>ELIMINATION</cell><cell>15x7</cell><cell>   </cell></row>
    <row><cell>35</cell><cell>ELIMINATION</cell><cell>15x8</cell><cell>   </cell></row>
    <row><cell>36</cell><cell>ELIMINATION</cell><cell>15x9</cell><cell>   </cell></row>
    <row><cell>37</cell><cell>ELIMINATION</cell><cell>15x10</cell><cell>THS</cell></row>
    <row><cell>38</cell><cell>ELIMINATION</cell><cell>15x11</cell><cell>   </cell></row>
    <row><cell>39</cell><cell>ELIMINATION</cell><cell>15x12</cell><cell>   </cell></row>
    <row><cell>40</cell><cell>ELIMINATION</cell><cell>15x13</cell><cell>   </cell></row>
  </table>
</hi2txt>


