<hi2txt>
  <table>
    <col>RANK</col><col>SCORE</col><col>NAME</col><col>STAGE</col>
    <row><cell>1</cell><cell>50000</cell><cell>JOE</cell><cell>1.1</cell></row>
    <row><cell>2</cell><cell>40000</cell><cell>KAM</cell><cell>1.1</cell></row>
    <row><cell>3</cell><cell>30000</cell><cell>FAS</cell><cell>1.1</cell></row>
    <row><cell>4</cell><cell>20000</cell><cell>EGO</cell><cell>1.1</cell></row>
    <row><cell>5</cell><cell>10000</cell><cell>JAN</cell><cell>1.1</cell></row>
  </table>
</hi2txt>


