<hi2txt>
  <table>
    <col>RANK</col><col>SCORE</col><col>NAME</col>
    <row><cell>1</cell><cell>60000</cell><cell>BRU</cell></row>
    <row><cell>2</cell><cell>59000</cell><cell>NO </cell></row>
    <row><cell>3</cell><cell>58000</cell><cell>DE </cell></row>
    <row><cell>4</cell><cell>57000</cell><cell>GEO</cell></row>
    <row><cell>5</cell><cell>56000</cell><cell>R  </cell></row>
    <row><cell>6</cell><cell>55000</cell><cell>GIO</cell></row>
    <row><cell>7</cell><cell>54000</cell><cell>   </cell></row>
    <row><cell>8</cell><cell>53000</cell><cell>   </cell></row>
    <row><cell>9</cell><cell>52000</cell><cell>   </cell></row>
    <row><cell>10</cell><cell>51000</cell><cell>   </cell></row>
    <row><cell>11</cell><cell>50000</cell><cell>   </cell></row>
    <row><cell>12</cell><cell>49000</cell><cell>   </cell></row>
    <row><cell>13</cell><cell>48000</cell><cell>   </cell></row>
    <row><cell>14</cell><cell>47000</cell><cell>   </cell></row>
    <row><cell>15</cell><cell>46000</cell><cell>   </cell></row>
    <row><cell>16</cell><cell>45000</cell><cell>   </cell></row>
    <row><cell>17</cell><cell>44000</cell><cell>   </cell></row>
    <row><cell>18</cell><cell>43000</cell><cell>   </cell></row>
    <row><cell>19</cell><cell>42000</cell><cell>   </cell></row>
    <row><cell>20</cell><cell>41000</cell><cell>   </cell></row>
  </table>
</hi2txt>


