<hi2txt>
  <table>
    <col>RANK</col><col>SCORE</col><col>NAME</col><col>STAGE</col>
    <row><cell>1</cell><cell>700000</cell><cell>...</cell><cell>5</cell></row>
    <row><cell>2</cell><cell>650000</cell><cell>...</cell><cell>5</cell></row>
    <row><cell>3</cell><cell>600000</cell><cell>...</cell><cell>4</cell></row>
    <row><cell>4</cell><cell>550000</cell><cell>...</cell><cell>4</cell></row>
    <row><cell>5</cell><cell>500000</cell><cell>...</cell><cell>3</cell></row>
    <row><cell>6</cell><cell>450000</cell><cell>...</cell><cell>3</cell></row>
    <row><cell>7</cell><cell>400000</cell><cell>...</cell><cell>2</cell></row>
    <row><cell>8</cell><cell>350000</cell><cell>...</cell><cell>2</cell></row>
    <row><cell>9</cell><cell>300000</cell><cell>...</cell><cell>1</cell></row>
    <row><cell>10</cell><cell>250000</cell><cell>...</cell><cell>1</cell></row>
  </table>
</hi2txt>


