<hi2txt>
  <table>
    <col>RANK</col><col>SCORE</col><col>NAME</col>
    <row><cell>1</cell><cell>505000</cell><cell>SHAKA</cell></row>
    <row><cell>2</cell><cell>450000</cell><cell>MACCOY</cell></row>
    <row><cell>3</cell><cell>400000</cell><cell>R&amp;R AYA</cell></row>
    <row><cell>4</cell><cell>350000</cell><cell>YAMACHIN</cell></row>
    <row><cell>5</cell><cell>300000</cell><cell>DENCHAN</cell></row>
    <row><cell>6</cell><cell>250000</cell><cell>RIKEI</cell></row>
    <row><cell>7</cell><cell>200000</cell><cell>HIYA</cell></row>
    <row><cell>8</cell><cell>150000</cell><cell>CORE_1</cell></row>
    <row><cell>9</cell><cell>100000</cell><cell>YUKI</cell></row>
    <row><cell>10</cell><cell>50000</cell><cell>NAGOMI</cell></row>
  </table>
</hi2txt>

