<hi2txt>
  <table>
    <col>RANK</col><col>SCORE</col><col>NAME</col><col>STAGE</col>
    <row><cell>1</cell><cell>231500</cell><cell> R.SHOBU </cell><cell>05</cell></row>
    <row><cell>2</cell><cell>200100</cell><cell>A N D O H</cell><cell>04</cell></row>
    <row><cell>3</cell><cell>175000</cell><cell> HIYAMUTA</cell><cell>04</cell></row>
    <row><cell>4</cell><cell>102400</cell><cell>TSUMI NAG</cell><cell>03</cell></row>
    <row><cell>5</cell><cell>89600</cell><cell>MATSUE   </cell><cell>02</cell></row>
    <row><cell>6</cell><cell>64000</cell><cell> TAKAHARA</cell><cell>05</cell></row>
    <row><cell>7</cell><cell>51200</cell><cell>AAAAAAAAA</cell><cell>02</cell></row>
    <row><cell>8</cell><cell>22000</cell><cell>  MR. M  </cell><cell>01</cell></row>
    <row><cell>9</cell><cell>16200</cell><cell>         </cell><cell>01</cell></row>
    <row><cell>10</cell><cell>10300</cell><cell>ULYSSES  </cell><cell>01</cell></row>
  </table>
</hi2txt>


