<hi2txt>
  <table>
    <col>RANK</col><col>SCORE</col><col>NAME</col>
    <row><cell>1</cell><cell>58200</cell><cell>JAK</cell></row>
    <row><cell>2</cell><cell>22200</cell><cell>YAY</cell></row>
    <row><cell>3</cell><cell>19500</cell><cell>AAT</cell></row>
    <row><cell>4</cell><cell>13800</cell><cell>AAT</cell></row>
    <row><cell>5</cell><cell>13000</cell><cell>IAU</cell></row>
    <row><cell>6</cell><cell>12000</cell><cell>SAS</cell></row>
    <row><cell>7</cell><cell>11000</cell><cell>NAM</cell></row>
    <row><cell>8</cell><cell>7800</cell><cell>SAI</cell></row>
    <row><cell>9</cell><cell>6200</cell><cell>SAI</cell></row>
    <row><cell>10</cell><cell>5000</cell><cell>SAI</cell></row>
  </table>
</hi2txt>


