<hi2txt>
  <table>
    <col>RANK</col><col>SCORE</col><col>NAME</col><col>STAGE</col>
    <row><cell>1</cell><cell>30500</cell><cell>BAT</cell><cell>14</cell></row>
    <row><cell>2</cell><cell>27020</cell><cell>TEN</cell><cell>12</cell></row>
    <row><cell>3</cell><cell>24700</cell><cell>-YO</cell><cell>11</cell></row>
    <row><cell>4</cell><cell>21010</cell><cell>KA-</cell><cell>10</cell></row>
    <row><cell>5</cell><cell>18300</cell><cell>YOK</cell><cell>8</cell></row>
    <row><cell>6</cell><cell>15220</cell><cell>A-?</cell><cell>7</cell></row>
    <row><cell>7</cell><cell>12900</cell><cell>RSK</cell><cell>7</cell></row>
    <row><cell>8</cell><cell>9140</cell><cell>SEN</cell><cell>6</cell></row>
    <row><cell>9</cell><cell>6080</cell><cell>BCH</cell><cell>5</cell></row>
    <row><cell>10</cell><cell>3600</cell><cell>OB8</cell><cell>4</cell></row>
  </table>
</hi2txt>


