<hi2txt>
  <table>
    <col>RANK</col><col>SCORE</col><col>NAME</col><col>STAGE</col>
    <row><cell>1</cell><cell>120000</cell><cell>KOB</cell><cell>4</cell></row>
    <row><cell>2</cell><cell>100000</cell><cell>SGA</cell><cell>3</cell></row>
    <row><cell>3</cell><cell>80000</cell><cell>HKR</cell><cell>3</cell></row>
    <row><cell>4</cell><cell>60000</cell><cell>AMI</cell><cell>2</cell></row>
    <row><cell>5</cell><cell>40000</cell><cell>TSI</cell><cell>2</cell></row>
    <row><cell>6</cell><cell>20000</cell><cell>TNK</cell><cell>1</cell></row>
    <row><cell>7</cell><cell>10000</cell><cell>HND</cell><cell>1</cell></row>
  </table>
</hi2txt>


