<hi2txt>
  <table>
    <col>RANK</col><col>SCORE</col><col>NAME</col><col>STAGE</col><col>COIN</col>
    <row><cell>1</cell><cell>100000</cell><cell>DAI</cell><cell>1</cell><cell>1</cell></row>
    <row><cell>2</cell><cell>90000</cell><cell>ASO</cell><cell>1</cell><cell>1</cell></row>
    <row><cell>3</cell><cell>80000</cell><cell>YOK</cell><cell>1</cell><cell>1</cell></row>
    <row><cell>4</cell><cell>70000</cell><cell>MIN</cell><cell>1</cell><cell>1</cell></row>
    <row><cell>5</cell><cell>60000</cell><cell>OHT</cell><cell>1</cell><cell>1</cell></row>
    <row><cell>6</cell><cell>50000</cell><cell>MAT</cell><cell>1</cell><cell>1</cell></row>
    <row><cell>7</cell><cell>40000</cell><cell>HAG</cell><cell>1</cell><cell>1</cell></row>
  </table>
</hi2txt>

