<hi2txt>
  <table>
    <col>RANK</col><col>SCORE</col><col>NAME</col><col>FLOOR</col>
    <row><cell>1</cell><cell>7650</cell><cell>&#9786;&#9786;&#9786;&#9786;&#9786;</cell><cell>0</cell></row>
    <row><cell>2</cell><cell>7650</cell><cell>&#9786;&#9786;&#9786;&#9786;</cell><cell>0</cell></row>
    <row><cell>3</cell><cell>7650</cell><cell>&#9786;&#9786;&#9786;</cell><cell>0</cell></row>
    <row><cell>4</cell><cell>7650</cell><cell>&#9786;&#9786;</cell><cell>0</cell></row>
    <row><cell>5</cell><cell>7650</cell><cell>&#9786;</cell><cell>0</cell></row>
  </table>
</hi2txt>