<hi2txt>
  <table>
    <col>RANK</col><col>SCORE</col><col>NAME</col>
    <row><cell>1</cell><cell>50000</cell><cell>AAA</cell></row>
    <row><cell>2</cell><cell>48000</cell><cell>BBB</cell></row>
    <row><cell>3</cell><cell>40000</cell><cell>CCC</cell></row>
    <row><cell>4</cell><cell>38000</cell><cell>DDD</cell></row>
    <row><cell>5</cell><cell>30000</cell><cell>EEE</cell></row>
    <row><cell>6</cell><cell>28000</cell><cell>FFF</cell></row>
    <row><cell>7</cell><cell>20000</cell><cell>GGG</cell></row>
    <row><cell>8</cell><cell>18000</cell><cell>HHH</cell></row>
  </table>
</hi2txt>

