<hi2txt>
  <table>
    <col>RANK</col><col>SCORE</col><col>NAME</col><col>AREA</col>
    <row><cell>1</cell><cell>150000</cell><cell>NEO</cell><cell>1AREA</cell></row>
    <row><cell>2</cell><cell>140000</cell><cell>GEO</cell><cell>1AREA</cell></row>
    <row><cell>3</cell><cell>130000</cell><cell>NEO</cell><cell>1AREA</cell></row>
    <row><cell>4</cell><cell>120000</cell><cell>GEO</cell><cell>1AREA</cell></row>
    <row><cell>5</cell><cell>110000</cell><cell>NEO</cell><cell>1AREA</cell></row>
    <row><cell>6</cell><cell>100000</cell><cell>GEO</cell><cell>1AREA</cell></row>
    <row><cell>7</cell><cell>90000</cell><cell>NEO</cell><cell>1AREA</cell></row>
    <row><cell>8</cell><cell>80000</cell><cell>GEO</cell><cell>1AREA</cell></row>
    <row><cell>9</cell><cell>70000</cell><cell>NEO</cell><cell>1AREA</cell></row>
    <row><cell>10</cell><cell>60000</cell><cell>GEO</cell><cell>1AREA</cell></row>
  </table>
</hi2txt>


