<hi2txt>
  <table>
    <col>RANK</col><col>SCORE</col><col>NAME</col><col>STAGE</col>
    <row><cell>1</cell><cell>50000</cell><cell>HKR</cell><cell>1</cell></row>
    <row><cell>2</cell><cell>40000</cell><cell>UCH</cell><cell>1</cell></row>
    <row><cell>3</cell><cell>30000</cell><cell>SAT</cell><cell>1</cell></row>
    <row><cell>4</cell><cell>20000</cell><cell>HAG</cell><cell>1</cell></row>
    <row><cell>5</cell><cell>10000</cell><cell>HAS</cell><cell>1</cell></row>
    <row><cell>6</cell><cell>5000</cell><cell>TOS</cell><cell>1</cell></row>
    <row><cell>7</cell><cell>4000</cell><cell>TAK</cell><cell>1</cell></row>
  </table>
</hi2txt>

