<hi2txt>
  <table>
    <col>RANK</col><col>SCORE</col><col>NAME</col>
    <row><cell>1</cell><cell>8970</cell><cell>===</cell></row>
    <row><cell>2</cell><cell>7840</cell><cell>YOU</cell></row>
    <row><cell>3</cell><cell>6610</cell><cell>CAN</cell></row>
    <row><cell>4</cell><cell>5370</cell><cell>GET</cell></row>
    <row><cell>5</cell><cell>3820</cell><cell>TO </cell></row>
    <row><cell>6</cell><cell>2730</cell><cell>THE</cell></row>
    <row><cell>7</cell><cell>1890</cell><cell>TOP</cell></row>
    <row><cell>8</cell><cell>1400</cell><cell>IF </cell></row>
    <row><cell>9</cell><cell>1310</cell><cell>YOU</cell></row>
    <row><cell>10</cell><cell>1270</cell><cell>TRY</cell></row>
  </table>
</hi2txt>


