<hi2txt>
  <table>
    <col>RANK</col><col>SCORE</col><col>NAME</col>
    <row><cell>1</cell><cell>10480</cell><cell>OBE</cell></row>
    <row><cell>2</cell><cell>10100</cell><cell>MYK</cell></row>
    <row><cell>3</cell><cell>3910</cell><cell>DAN</cell></row>
    <row><cell>4</cell><cell>2870</cell><cell>ELP</cell></row>
    <row><cell>5</cell><cell>1830</cell><cell>JMH</cell></row>
    <row><cell>6</cell><cell>1770</cell><cell>RAQ</cell></row>
    <row><cell>7</cell><cell>1640</cell><cell>APH</cell></row>
    <row><cell>8</cell><cell>1590</cell><cell>BIL</cell></row>
    <row><cell>9</cell><cell>1410</cell><cell>MSS</cell></row>
    <row><cell>10</cell><cell>1200</cell><cell>EJM</cell></row>
  </table>
</hi2txt>

