<hi2txt>
  <table>
    <col>RANK</col><col>SCORE</col><col>NAME</col><col>STAGE</col>
    <row><cell>1</cell><cell>10000</cell><cell>SAM</cell><cell>2</cell></row>
    <row><cell>2</cell><cell>10000</cell><cell>   </cell><cell>2</cell></row>
    <row><cell>3</cell><cell>10000</cell><cell>   </cell><cell>2</cell></row>
    <row><cell>4</cell><cell>10000</cell><cell>   </cell><cell>2</cell></row>
    <row><cell>5</cell><cell>10000</cell><cell>   </cell><cell>2</cell></row>
  </table>
</hi2txt>