<hi2txt>
  <table>
    <col>RANK</col><col>SCORE</col><col>NAME</col><col>CHARACTER</col>
    <row><cell>1</cell><cell>00010000</cell><cell>SIN</cell><cell>SINBAT</cell></row>
    <row><cell>2</cell><cell>00009000</cell><cell>RAM</cell><cell>RAMAYA</cell></row>
    <row><cell>3</cell><cell>00008000</cell><cell>GOL</cell><cell>GOLDOR</cell></row>
    <row><cell>4</cell><cell>00007000</cell><cell>DAT</cell><cell>DATTA</cell></row>
    <row><cell>5</cell><cell>00006000</cell><cell>LUL</cell><cell>SINBAT</cell></row>
  </table>
</hi2txt>


