<hi2txt>
  <table>
    <col>RANK</col><col>SCORE</col><col>NAME</col>
    <row><cell>1</cell><cell>1500000</cell><cell>NO0</cell></row>
    <row><cell>2</cell><cell>1000000</cell><cell>NO1</cell></row>
    <row><cell>3</cell><cell>700000</cell><cell>NO2</cell></row>
    <row><cell>4</cell><cell>500000</cell><cell>NO3</cell></row>
    <row><cell>5</cell><cell>300000</cell><cell>NO4</cell></row>
    <row><cell>6</cell><cell>200000</cell><cell>NO5</cell></row>
    <row><cell>7</cell><cell>100000</cell><cell>NO6</cell></row>
    <row><cell>8</cell><cell>50000</cell><cell>NO7</cell></row>
    <row><cell>9</cell><cell>10000</cell><cell>NO8</cell></row>
    <row><cell>10</cell><cell>5000</cell><cell>NO9</cell></row>
  </table>
</hi2txt>


