<hi2txt>
  <table>
    <col>RANK</col><col>SCORE</col><col>NAME</col>
    <row><cell>1</cell><cell>100000</cell><cell>D&amp;K</cell></row>
    <row><cell>2</cell><cell>100000</cell><cell>MIY</cell></row>
    <row><cell>3</cell><cell>100000</cell><cell>OTU</cell></row>
    <row><cell>4</cell><cell>100000</cell><cell>HID</cell></row>
    <row><cell>5</cell><cell>100000</cell><cell>TFF</cell></row>
    <row><cell>6</cell><cell>100000</cell><cell>TAK</cell></row>
    <row><cell>7</cell><cell>100000</cell><cell>KWO</cell></row>
    <row><cell>8</cell><cell>100000</cell><cell>ABC</cell></row>
    <row><cell>9</cell><cell>100000</cell><cell>DEF</cell></row>
    <row><cell>10</cell><cell>100000</cell><cell>GHI</cell></row>
    <row><cell>11</cell><cell>100000</cell><cell>D&amp;K</cell></row>
    <row><cell>12</cell><cell>100000</cell><cell>MIY</cell></row>
    <row><cell>13</cell><cell>100000</cell><cell>OTU</cell></row>
    <row><cell>14</cell><cell>100000</cell><cell>HID</cell></row>
    <row><cell>15</cell><cell>100000</cell><cell>OOT</cell></row>
    <row><cell>16</cell><cell>100000</cell><cell>KWO</cell></row>
    <row><cell>17</cell><cell>100000</cell><cell>TAK</cell></row>
    <row><cell>18</cell><cell>100000</cell><cell>ABC</cell></row>
    <row><cell>19</cell><cell>100000</cell><cell>DEF</cell></row>
    <row><cell>20</cell><cell>100000</cell><cell>GHI</cell></row>
  </table>
</hi2txt>


