<hi2txt>
  <table>
    <col>RANK</col><col>SCORE</col><col>NAME</col><col>STAGE</col>
    <row><cell>1</cell><cell>100000</cell><cell>SSB</cell><cell>5</cell></row>
    <row><cell>2</cell><cell>80000</cell><cell>KEI</cell><cell>4</cell></row>
    <row><cell>3</cell><cell>60000</cell><cell>OGR</cell><cell>3</cell></row>
    <row><cell>4</cell><cell>40000</cell><cell>GWK</cell><cell>2</cell></row>
    <row><cell>5</cell><cell>20000</cell><cell>TKN</cell><cell>1</cell></row>
  </table>
</hi2txt>


