<hi2txt>
  <table>
    <col>RANK</col><col>SCORE</col><col>NAME</col>
    <row><cell>1</cell><cell>20440</cell><cell>GJL</cell></row>
    <row><cell>2</cell><cell>19910</cell><cell>OBE</cell></row>
    <row><cell>3</cell><cell>16120</cell><cell>ELP</cell></row>
    <row><cell>4</cell><cell>11780</cell><cell>MYK</cell></row>
    <row><cell>5</cell><cell>9860</cell><cell>APH</cell></row>
    <row><cell>6</cell><cell>8570</cell><cell>JVC</cell></row>
    <row><cell>7</cell><cell>6550</cell><cell>ROB</cell></row>
    <row><cell>8</cell><cell>330</cell><cell>JMH</cell></row>
    <row><cell>9</cell><cell>220</cell><cell>DAN</cell></row>
    <row><cell>10</cell><cell>110</cell><cell>WHP</cell></row>
  </table>
</hi2txt>


