<hi2txt>
  <table>
    <col>RANK</col><col>SCORE</col><col>NAME</col>
    <row><cell>1</cell><cell>10000</cell><cell>TEL</cell></row>
    <row><cell>2</cell><cell>9000</cell><cell>TEL</cell></row>
    <row><cell>3</cell><cell>8000</cell><cell>TEL</cell></row>
    <row><cell>4</cell><cell>7000</cell><cell>TEL</cell></row>
    <row><cell>5</cell><cell>6000</cell><cell>TEL</cell></row>
    <row><cell>6</cell><cell>5000</cell><cell>TEL</cell></row>
    <row><cell>7</cell><cell>4000</cell><cell>TEL</cell></row>
    <row><cell>8</cell><cell>3000</cell><cell>TEL</cell></row>
    <row><cell>9</cell><cell>2000</cell><cell>TEL</cell></row>
    <row><cell>10</cell><cell>1000</cell><cell>TEL</cell></row>
  </table>
</hi2txt>


