<hi2txt>
  <table>
    <col>RANK</col><col>SCORE</col><col>NAME</col>
    <row><cell>1</cell><cell>50000</cell><cell>NO.1      </cell></row>
    <row><cell>2</cell><cell>28000</cell><cell>NO.2      </cell></row>
    <row><cell>3</cell><cell>27000</cell><cell>NO.3      </cell></row>
    <row><cell>4</cell><cell>26000</cell><cell>NO.4      </cell></row>
    <row><cell>5</cell><cell>25000</cell><cell>NO.5      </cell></row>
    <row><cell>6</cell><cell>24000</cell><cell>NO.6      </cell></row>
    <row><cell>7</cell><cell>23000</cell><cell>NO.7      </cell></row>
    <row><cell>8</cell><cell>22000</cell><cell>NO.8      </cell></row>
    <row><cell>9</cell><cell>21000</cell><cell>NO.9      </cell></row>
    <row><cell>10</cell><cell>20000</cell><cell>NO.10     </cell></row>
  </table>
</hi2txt>

