<hi2txt>
  <table>
    <col>RANK</col><col>SCORE</col><col>NAME</col><col>CHARACTER</col>
    <row><cell>1</cell><cell>37500</cell><cell>H,A</cell><cell>ASTERIX</cell></row>
    <row><cell>2</cell><cell>27800</cell><cell>Y,I</cell><cell>OBELIX</cell></row>
    <row><cell>3</cell><cell>19800</cell><cell>M,K</cell><cell>ASTERIX</cell></row>
    <row><cell>4</cell><cell>10200</cell><cell>S,W</cell><cell>ASTERIX</cell></row>
    <row><cell>5</cell><cell>8500</cell><cell>T,A</cell><cell>OBELIX</cell></row>
    <row><cell>6</cell><cell>6800</cell><cell>T,A</cell><cell>OBELIX</cell></row>
    <row><cell>7</cell><cell>6100</cell><cell>J,K</cell><cell>ASTERIX</cell></row>
    <row><cell>8</cell><cell>5600</cell><cell>M,I</cell><cell>ASTERIX</cell></row>
    <row><cell>9</cell><cell>3200</cell><cell>M,E</cell><cell>OBELIX</cell></row>
    <row><cell>10</cell><cell>1500</cell><cell>H,M</cell><cell>ASTERIX</cell></row>
  </table>
</hi2txt>


