<hi2txt>
  <table>
    <col>RANK</col><col>SCORE</col><col>NAME</col>
    <row><cell>1</cell><cell>50000</cell><cell>KOB</cell></row>
    <row><cell>2</cell><cell>40000</cell><cell>MIZ</cell></row>
    <row><cell>3</cell><cell>30000</cell><cell>FKU</cell></row>
    <row><cell>4</cell><cell>20000</cell><cell>KOT</cell></row>
    <row><cell>5</cell><cell>10000</cell><cell>UWA</cell></row>
    <row><cell>6</cell><cell>8000</cell><cell>KEI</cell></row>
    <row><cell>7</cell><cell>5000</cell><cell>TAK</cell></row>
  </table>
</hi2txt>


