<hi2txt>
  <table>
    <col>RANK</col><col>SCORE</col><col>NAME</col>
    <row><cell>1</cell><cell>00000</cell><cell>BLM</cell></row>
    <row><cell>2</cell><cell>00000</cell><cell>AND</cell></row>
    <row><cell>3</cell><cell>00000</cell><cell>GJS</cell></row>
    <row><cell>4</cell><cell>00000</cell><cell>&#65527;&#184;</cell></row>
    <row><cell>5</cell><cell>00000</cell><cell>&#65527;&#65527;&#65533;</cell></row>
    <row><cell>6</cell><cell>00000</cell><cell>&#65527;&#65534;&#65527;</cell></row>
    <row><cell>7</cell><cell>00000</cell><cell>&#65527;&#196;&#246;</cell></row>
    <row><cell>8</cell><cell>00000</cell><cell>&#246;&#65527;&#65527;</cell></row>
    <row><cell>9</cell><cell>00000</cell><cell>&#65527;&#65529;&#65534;</cell></row>
    <row><cell>10</cell><cell>00000</cell><cell>
&#218;</cell></row>
  </table>
</hi2txt>


