<hi2txt>
  <table>
    <col>RANK</col><col>RANK TEXT</col><col>SCORE</col><col>NAME</col><col>STAGE</col>
    <row><cell>1</cell><cell>1ST</cell><cell>120000</cell><cell>ACT</cell><cell>5</cell></row>
    <row><cell>2</cell><cell>2ND</cell><cell>100000</cell><cell>IOI</cell><cell>4</cell></row>
    <row><cell>3</cell><cell>3RD</cell><cell>80000</cell><cell>CRT</cell><cell>3</cell></row>
    <row><cell>4</cell><cell>4TH</cell><cell>70000</cell><cell>OPA</cell><cell>2</cell></row>
    <row><cell>5</cell><cell>5TH</cell><cell>60000</cell><cell>M.N</cell><cell>1</cell></row>
  </table>
</hi2txt>

