<hi2txt>
  <table>
    <col>RANK</col><col>SCORE</col><col>NAME</col>
    <row><cell>1</cell><cell>30000</cell><cell>ATHENA.</cell></row>
    <row><cell>2</cell><cell>25000</cell><cell>IDA....</cell></row>
    <row><cell>3</cell><cell>20000</cell><cell>SIVA...</cell></row>
    <row><cell>4</cell><cell>15000</cell><cell>PYTHON.</cell></row>
    <row><cell>5</cell><cell>10010</cell><cell>MADILLO</cell></row>
    <row><cell>6</cell><cell>10000</cell><cell>SHACHO.</cell></row>
  </table>
</hi2txt>


