<hi2txt>
  <table>
    <col>RANK</col><col>SCORE</col><col>NAME</col>
    <row><cell>1</cell><cell>5000</cell><cell>JEK</cell></row>
    <row><cell>2</cell><cell>5000</cell><cell>KEK</cell></row>
    <row><cell>3</cell><cell>5000</cell><cell>AAK</cell></row>
    <row><cell>4</cell><cell>5000</cell><cell>LDS</cell></row>
    <row><cell>5</cell><cell>5000</cell><cell>LLS</cell></row>
    <row><cell>6</cell><cell>5000</cell><cell>SHK</cell></row>
    <row><cell>7</cell><cell>5000</cell><cell>ESC</cell></row>
    <row><cell>8</cell><cell>5000</cell><cell>BMF</cell></row>
    <row><cell>9</cell><cell>5000</cell><cell>LED</cell></row>
    <row><cell>10</cell><cell>5000</cell><cell>GID</cell></row>
  </table>
</hi2txt>


