<hi2txt>
  <table>
    <col>RANK</col><col>SCORE</col><col>NAME</col><col>STAGE</col>
    <row><cell>1</cell><cell>26400</cell><cell>MANTRO</cell><cell>4-3</cell></row>
    <row><cell>2</cell><cell>22700</cell><cell>AKI...</cell><cell>4-2</cell></row>
    <row><cell>3</cell><cell>15800</cell><cell>&#9829;Y.K&#9829; </cell><cell>3-6</cell></row>
    <row><cell>4</cell><cell>13200</cell><cell>MACCOY</cell><cell>3-4</cell></row>
    <row><cell>5</cell><cell>12400</cell><cell>NANAO.</cell><cell>3-2</cell></row>
    <row><cell>6</cell><cell>7200</cell><cell>MO!YOR</cell><cell>2-6</cell></row>
    <row><cell>7</cell><cell>3800</cell><cell>OSHIKU</cell><cell>2-5</cell></row>
  </table>
</hi2txt>

