<hi2txt>
  <table>
    <col>RANK</col><col>SCORE</col><col>NAME</col><col>ROUND</col><col>TIME</col>
    <row><cell>1</cell><cell>50000</cell><cell>MURPHY  </cell><cell>04</cell><cell>00:00</cell></row>
    <row><cell>2</cell><cell>48000</cell><cell>LEWIS   </cell><cell>04</cell><cell>00:00</cell></row>
    <row><cell>3</cell><cell>47000</cell><cell>ED-209  </cell><cell>03</cell><cell>00:00</cell></row>
    <row><cell>4</cell><cell>46000</cell><cell>SCI-VAX.</cell><cell>03</cell><cell>00:00</cell></row>
    <row><cell>5</cell><cell>43000</cell><cell>SWORDMST</cell><cell>03</cell><cell>00:00</cell></row>
    <row><cell>6</cell><cell>35000</cell><cell>GANGAN.H</cell><cell>03</cell><cell>00:00</cell></row>
    <row><cell>7</cell><cell>32000</cell><cell>STADIUM </cell><cell>02</cell><cell>00:00</cell></row>
    <row><cell>8</cell><cell>31000</cell><cell>HERO    </cell><cell>02</cell><cell>00:00</cell></row>
    <row><cell>9</cell><cell>30000</cell><cell>O.C.P.  </cell><cell>01</cell><cell>00:00</cell></row>
    <row><cell>10</cell><cell>20000</cell><cell>POLICE  </cell><cell>01</cell><cell>00:00</cell></row>
  </table>
</hi2txt>


