<hi2txt>
  <table>
    <col>RANK</col><col>SCORE</col><col>NAME</col><col>STAGE</col>
    <row><cell>1</cell><cell>30000</cell><cell>MIN</cell><cell>3</cell></row>
    <row><cell>2</cell><cell>29000</cell><cell>HEN</cell><cell>3</cell></row>
    <row><cell>3</cell><cell>28000</cell><cell>IAM</cell><cell>3</cell></row>
    <row><cell>4</cell><cell>26000</cell><cell>ABO</cell><cell>3</cell></row>
    <row><cell>5</cell><cell>25100</cell><cell>YEN</cell><cell>3</cell></row>
    <row><cell>6</cell><cell>25000</cell><cell>AME</cell><cell>3</cell></row>
    <row><cell>7</cell><cell>24900</cell><cell>FUR</cell><cell>2</cell></row>
    <row><cell>8</cell><cell>23100</cell><cell>UHI</cell><cell>2</cell></row>
    <row><cell>9</cell><cell>22000</cell><cell>WAT</cell><cell>2</cell></row>
    <row><cell>10</cell><cell>19000</cell><cell>ENK</cell><cell>2</cell></row>
    <row><cell>11</cell><cell>18000</cell><cell>I.G</cell><cell>2</cell></row>
    <row><cell>12</cell><cell>17000</cell><cell>OMO</cell><cell>2</cell></row>
    <row><cell>13</cell><cell>16000</cell><cell>I.Q</cell><cell>2</cell></row>
    <row><cell>14</cell><cell>15500</cell><cell>..?</cell><cell>2</cell></row>
    <row><cell>15</cell><cell>15000</cell><cell>RON</cell><cell>2</cell></row>
    <row><cell>16</cell><cell>13700</cell><cell>TMO</cell><cell>2</cell></row>
    <row><cell>17</cell><cell>5000</cell><cell>IKA</cell><cell>1</cell></row>
    <row><cell>18</cell><cell>3000</cell><cell>SFX</cell><cell>1</cell></row>
    <row><cell>19</cell><cell>2500</cell><cell>KYO</cell><cell>1</cell></row>
    <row><cell>20</cell><cell>1000</cell><cell>DWC</cell><cell>1</cell></row>
  </table>
</hi2txt>


