<hi2txt>
  <table id="TRAINING">
    <col>RANK</col><col>SCORE</col><col>NAME</col><col>STAGE</col><col>CHARACTER1</col><col>CHARACTER2</col><col>CHARACTER3</col>
    <row><cell>1</cell><cell>500000</cell><cell>***</cell><cell>1</cell><cell>D.D - Flying Killer (A)</cell><cell>Shorty - Carry Carry (A)</cell><cell>Jyuji - Sangerea 5280 (A)</cell></row>
    <row><cell>2</cell><cell>400000</cell><cell>***</cell><cell>1</cell><cell>Maria - Clitter IV (A)</cell><cell>Golden - Razer Back (A)</cell><cell>Strawman - Beyond 8570 (A)</cell></row>
    <row><cell>3</cell><cell>300000</cell><cell>***</cell><cell>1</cell><cell>Birthday - Mad Romero (A)</cell><cell>Tag-T - Grizzly Vse (A)</cell><cell>Adam - V-Twin Bogivman (A)</cell></row>
    <row><cell>4</cell><cell>200000</cell><cell>***</cell><cell>1</cell><cell>B. Wayne - Silversword (A)</cell><cell>J. Wayne - Grasshoper (A)</cell><cell>B. Wayne - Flying Baron (A)</cell></row>
    <row><cell>5</cell><cell>100000</cell><cell>***</cell><cell>1</cell><cell>J. Wayne - Wild Snail (A)</cell><cell>Gain - Valhallyzer (A)</cell><cell>Chitta - Gun-Dalf (A)</cell></row>
  </table>
  <table id="NORMAL">
    <col>RANK</col><col>SCORE</col><col>NAME</col><col>STAGE</col><col>CHARACTER1</col><col>CHARACTER2</col><col>CHARACTER3</col>
    <row><cell>1</cell><cell>500000</cell><cell>+++</cell><cell>1</cell><cell>D.D - Flying Killer (B)</cell><cell>Shorty - Carry Carry (B)</cell><cell>Jyuji - Sangerea 5280 (B)</cell></row>
    <row><cell>2</cell><cell>400000</cell><cell>+++</cell><cell>1</cell><cell>Maria - Clitter IV (B)</cell><cell>Golden - Razer Back (B)</cell><cell>Strawman - Beyond 8570 (B)</cell></row>
    <row><cell>3</cell><cell>300000</cell><cell>+++</cell><cell>1</cell><cell>Birthday - Mad Romero (B)</cell><cell>Tag-T - Grizzly Vse (B)</cell><cell>Adam - V-Twin Bogivman (B)</cell></row>
    <row><cell>4</cell><cell>200000</cell><cell>+++</cell><cell>1</cell><cell>B. Wayne - Silversword (B)</cell><cell>J. Wayne - Grasshoper (B)</cell><cell>B. Wayne - Flying Baron (B)</cell></row>
    <row><cell>5</cell><cell>100000</cell><cell>+++</cell><cell>1</cell><cell>J. Wayne - Wild Snail (B)</cell><cell>Gain - Valhallyzer (B)</cell><cell>Chitta - Gun-Dalf (B)</cell></row>
  </table>
  <table id="ADVANCE">
    <col>RANK</col><col>SCORE</col><col>NAME</col><col>STAGE</col><col>CHARACTER1</col><col>CHARACTER2</col><col>CHARACTER3</col>
    <row><cell>1</cell><cell>500000</cell><cell>###</cell><cell>1</cell><cell>D.D - Flying Killer (C)</cell><cell>Shorty - Carry Carry (C)</cell><cell>Jyuji - Sangerea 5280 (C)</cell></row>
    <row><cell>2</cell><cell>400000</cell><cell>###</cell><cell>1</cell><cell>Maria - Clitter IV (C)</cell><cell>Golden - Razer Back (C)</cell><cell>Strawman - Beyond 8570 (C)</cell></row>
    <row><cell>3</cell><cell>300000</cell><cell>###</cell><cell>1</cell><cell>Birthday - Mad Romero (C)</cell><cell>Tag-T - Grizzly Vse (C)</cell><cell>Adam - V-Twin Bogivman (C)</cell></row>
    <row><cell>4</cell><cell>200000</cell><cell>###</cell><cell>1</cell><cell>B. Wayne - Silversword (C)</cell><cell>J. Wayne - Grasshoper (C)</cell><cell>B. Wayne - Flying Baron (C)</cell></row>
    <row><cell>5</cell><cell>100000</cell><cell>###</cell><cell>1</cell><cell>J. Wayne - Wild Snail (C)</cell><cell>Gain - Valhallyzer (C)</cell><cell>Chitta - Gun-Dalf (C)</cell></row>
  </table>
  <table id="SPECIAL">
    <col>RANK</col><col>SCORE</col><col>NAME</col><col>STAGE</col><col>CHARACTER1</col><col>CHARACTER2</col><col>CHARACTER3</col>
    <row><cell>1</cell><cell>500000</cell><cell>???</cell><cell>1</cell><cell>D.D - Flying Killer (Start)</cell><cell>Shorty - Carry Carry (Start)</cell><cell>Jyuji - Sangerea 5280 (Start)</cell></row>
    <row><cell>2</cell><cell>400000</cell><cell>???</cell><cell>1</cell><cell>Maria - Clitter IV (Start)</cell><cell>Golden - Razer Back (Start)</cell><cell>Strawman - Beyond 8570 (Start)</cell></row>
    <row><cell>3</cell><cell>300000</cell><cell>???</cell><cell>1</cell><cell>Birthday - Mad Romero (Start)</cell><cell>Tag-T - Grizzly Vse (Start)</cell><cell>Adam - V-Twin Bogivman (Start)</cell></row>
    <row><cell>4</cell><cell>200000</cell><cell>???</cell><cell>1</cell><cell>B. Wayne - Silversword (Start)</cell><cell>J. Wayne - Grasshoper (Start)</cell><cell>B. Wayne - Flying Baron (Start)</cell></row>
    <row><cell>5</cell><cell>100000</cell><cell>???</cell><cell>1</cell><cell>J. Wayne - Wild Snail (Start)</cell><cell>Gain - Valhallyzer (Start)</cell><cell>Chitta - Gun-Dalf (Start)</cell></row>
  </table>
</hi2txt>