<hi2txt>
  <table>
    <col>RANK</col><col>SCORE</col><col>NAME</col><col>STAGE</col><col>CHARACTER</col>
    <row><cell>1</cell><cell>200000</cell><cell>---</cell><cell>-</cell><cell>JEENO</cell></row>
    <row><cell>2</cell><cell>180000</cell><cell>---</cell><cell>-</cell><cell>JEENO</cell></row>
    <row><cell>3</cell><cell>160000</cell><cell>---</cell><cell>-</cell><cell>JEENO</cell></row>
    <row><cell>4</cell><cell>140000</cell><cell>---</cell><cell>-</cell><cell>JEENO</cell></row>
    <row><cell>5</cell><cell>120000</cell><cell>---</cell><cell>-</cell><cell>JEENO</cell></row>
    <row><cell>6</cell><cell>100000</cell><cell>---</cell><cell>-</cell><cell>JEENO</cell></row>
    <row><cell>7</cell><cell>80000</cell><cell>---</cell><cell>-</cell><cell>JEENO</cell></row>
    <row><cell>8</cell><cell>60000</cell><cell>---</cell><cell>-</cell><cell>JEENO</cell></row>
  </table>
</hi2txt>


