<hi2txt>
  <table>
    <col>RANK</col><col>SCORE</col><col>NAME</col>
    <row><cell>1</cell><cell>45600</cell><cell>I.TOUATA</cell></row>
    <row><cell>2</cell><cell>43500</cell><cell>R.HARRAN</cell></row>
    <row><cell>3</cell><cell>38600</cell><cell>E.EDEITO</cell></row>
    <row><cell>4</cell><cell>30000</cell><cell>M.BOTGSS</cell></row>
    <row><cell>5</cell><cell>29800</cell><cell>..AYEAUH</cell></row>
    <row><cell>6</cell><cell>27400</cell><cell>C.TADTGI</cell></row>
    <row><cell>7</cell><cell>25600</cell><cell>O.TTOOIM</cell></row>
    <row><cell>8</cell><cell>18400</cell><cell>R.LTUUOI</cell></row>
    <row><cell>9</cell><cell>16300</cell><cell>P.EEMMON</cell></row>
    <row><cell>10</cell><cell>15000</cell><cell>..RKOATI</cell></row>
  </table>
</hi2txt>


