<hi2txt>
  <table>
    <col>RANK</col><col>SCORE</col><col>NAME</col><col>STAGE</col>
    <row><cell>1</cell><cell>12400</cell><cell>TOP</cell><cell>2</cell></row>
    <row><cell>2</cell><cell>11700</cell><cell>GUN</cell><cell>2</cell></row>
    <row><cell>3</cell><cell>9800</cell><cell>NSA</cell><cell>1</cell></row>
    <row><cell>4</cell><cell>9400</cell><cell>K.T</cell><cell>1</cell></row>
    <row><cell>5</cell><cell>9000</cell><cell>MSX</cell><cell>1</cell></row>
    <row><cell>6</cell><cell>7700</cell><cell>YHP</cell><cell>1</cell></row>
    <row><cell>7</cell><cell>7100</cell><cell>RPG</cell><cell>1</cell></row>
    <row><cell>8</cell><cell>6600</cell><cell>WEC</cell><cell>1</cell></row>
    <row><cell>9</cell><cell>6500</cell><cell>ROM</cell><cell>1</cell></row>
    <row><cell>10</cell><cell>5000</cell><cell>H.R</cell><cell>1</cell></row>
  </table>
</hi2txt>


