<hi2txt>
  <table>
    <col>INDEX</col><col>RANK</col><col>SCORE</col><col>NAME</col><col>STAGE</col><col>MODE</col><col>CHARACTER1</col><col>CHARACTER2</col><col>CHARACTER3</col><col>ICON STAGE 1</col><col>ICON STAGE 2</col><col>ICON STAGE 3</col><col>ICON STAGE 4</col><col>ICON STAGE 5</col><col>ICON STAGE 6</col><col>ICON STAGE 7</col><col>ICON STAGE 8</col>
    <row><cell>1</cell><cell>1</cell><cell>500000</cell><cell>***</cell><cell>0</cell><cell>training</cell><cell>SKY DRAGON (A)</cell><cell>SKY DRAGON (A)</cell><cell>SKY DRAGON (A)</cell><cell>0</cell><cell>0</cell><cell>0</cell><cell>0</cell><cell>0</cell><cell>0</cell><cell>0</cell><cell>0</cell></row>
    <row><cell>2</cell><cell>2</cell><cell>400000</cell><cell>***</cell><cell>0</cell><cell>training</cell><cell>SABER TIGER (A)</cell><cell>SABER TIGER (A)</cell><cell>SABER TIGER (A)</cell><cell>0</cell><cell>0</cell><cell>0</cell><cell>0</cell><cell>0</cell><cell>0</cell><cell>0</cell><cell>0</cell></row>
    <row><cell>3</cell><cell>3</cell><cell>300000</cell><cell>***</cell><cell>0</cell><cell>training</cell><cell>LIGHTNING WOLF (A)</cell><cell>LIGHTNING WOLF (A)</cell><cell>LIGHTNING WOLF (A)</cell><cell>0</cell><cell>0</cell><cell>0</cell><cell>0</cell><cell>0</cell><cell>0</cell><cell>0</cell><cell>0</cell></row>
    <row><cell>4</cell><cell>4</cell><cell>200000</cell><cell>***</cell><cell>0</cell><cell>training</cell><cell>HAMMER SHARK (A)</cell><cell>HAMMER SHARK (A)</cell><cell>HAMMER SHARK (A)</cell><cell>0</cell><cell>0</cell><cell>0</cell><cell>0</cell><cell>0</cell><cell>0</cell><cell>0</cell><cell>0</cell></row>
    <row><cell>5</cell><cell>5</cell><cell>100000</cell><cell>***</cell><cell>0</cell><cell>training</cell><cell>FLAME VIPER (A)</cell><cell>FLAME VIPER (A)</cell><cell>FLAME VIPER (A)</cell><cell>0</cell><cell>0</cell><cell>0</cell><cell>0</cell><cell>0</cell><cell>0</cell><cell>0</cell><cell>0</cell></row>
    <row><cell>6</cell><cell>1</cell><cell>500000</cell><cell>+++</cell><cell>0</cell><cell>training</cell><cell>SKY DRAGON (A)</cell><cell>SKY DRAGON (A)</cell><cell>SKY DRAGON (A)</cell><cell>0</cell><cell>0</cell><cell>0</cell><cell>0</cell><cell>0</cell><cell>0</cell><cell>0</cell><cell>0</cell></row>
    <row><cell>7</cell><cell>2</cell><cell>400000</cell><cell>+++</cell><cell>0</cell><cell>training</cell><cell>SABER TIGER (A)</cell><cell>SABER TIGER (A)</cell><cell>SABER TIGER (A)</cell><cell>0</cell><cell>0</cell><cell>0</cell><cell>0</cell><cell>0</cell><cell>0</cell><cell>0</cell><cell>0</cell></row>
    <row><cell>8</cell><cell>3</cell><cell>300000</cell><cell>+++</cell><cell>0</cell><cell>normal</cell><cell>LIGHTNING WOLF (A)</cell><cell>LIGHTNING WOLF (A)</cell><cell>LIGHTNING WOLF (A)</cell><cell>0</cell><cell>0</cell><cell>0</cell><cell>0</cell><cell>0</cell><cell>0</cell><cell>0</cell><cell>0</cell></row>
    <row><cell>9</cell><cell>4</cell><cell>200000</cell><cell>+++</cell><cell>0</cell><cell>normal</cell><cell>HAMMER SHARK (A)</cell><cell>HAMMER SHARK (A)</cell><cell>HAMMER SHARK (A)</cell><cell>0</cell><cell>0</cell><cell>0</cell><cell>0</cell><cell>0</cell><cell>0</cell><cell>0</cell><cell>0</cell></row>
    <row><cell>10</cell><cell>5</cell><cell>100000</cell><cell>+++</cell><cell>0</cell><cell>normal</cell><cell>FLAME VIPER (A)</cell><cell>FLAME VIPER (A)</cell><cell>FLAME VIPER (A)</cell><cell>0</cell><cell>0</cell><cell>0</cell><cell>0</cell><cell>0</cell><cell>0</cell><cell>0</cell><cell>0</cell></row>
    <row><cell>11</cell><cell>1</cell><cell>500000</cell><cell>###</cell><cell>0</cell><cell>normal</cell><cell>SKY DRAGON (A)</cell><cell>SKY DRAGON (A)</cell><cell>SKY DRAGON (A)</cell><cell>0</cell><cell>0</cell><cell>0</cell><cell>0</cell><cell>0</cell><cell>0</cell><cell>0</cell><cell>0</cell></row>
    <row><cell>12</cell><cell>2</cell><cell>400000</cell><cell>###</cell><cell>0</cell><cell>normal</cell><cell>SABER TIGER (A)</cell><cell>SABER TIGER (A)</cell><cell>SABER TIGER (A)</cell><cell>0</cell><cell>0</cell><cell>0</cell><cell>0</cell><cell>0</cell><cell>0</cell><cell>0</cell><cell>0</cell></row>
    <row><cell>13</cell><cell>3</cell><cell>300000</cell><cell>###</cell><cell>0</cell><cell>normal</cell><cell>LIGHTNING WOLF (A)</cell><cell>LIGHTNING WOLF (A)</cell><cell>LIGHTNING WOLF (A)</cell><cell>0</cell><cell>0</cell><cell>0</cell><cell>0</cell><cell>0</cell><cell>0</cell><cell>0</cell><cell>0</cell></row>
    <row><cell>14</cell><cell>4</cell><cell>200000</cell><cell>###</cell><cell>0</cell><cell>normal</cell><cell>HAMMER SHARK (A)</cell><cell>HAMMER SHARK (A)</cell><cell>HAMMER SHARK (A)</cell><cell>0</cell><cell>0</cell><cell>0</cell><cell>0</cell><cell>0</cell><cell>0</cell><cell>0</cell><cell>0</cell></row>
    <row><cell>15</cell><cell>5</cell><cell>100000</cell><cell>###</cell><cell>0</cell><cell>advanced</cell><cell>FLAME VIPER (A)</cell><cell>FLAME VIPER (A)</cell><cell>FLAME VIPER (A)</cell><cell>0</cell><cell>0</cell><cell>0</cell><cell>0</cell><cell>0</cell><cell>0</cell><cell>0</cell><cell>0</cell></row>
    <row><cell>16</cell><cell>1</cell><cell>500000</cell><cell>???</cell><cell>0</cell><cell>advanced</cell><cell>SKY DRAGON (A)</cell><cell>SKY DRAGON (A)</cell><cell>SKY DRAGON (A)</cell><cell>0</cell><cell>0</cell><cell>0</cell><cell>0</cell><cell>0</cell><cell>0</cell><cell>0</cell><cell>0</cell></row>
    <row><cell>17</cell><cell>2</cell><cell>400000</cell><cell>???</cell><cell>0</cell><cell>advanced</cell><cell>SABER TIGER (A)</cell><cell>SABER TIGER (A)</cell><cell>SABER TIGER (A)</cell><cell>0</cell><cell>0</cell><cell>0</cell><cell>0</cell><cell>0</cell><cell>0</cell><cell>0</cell><cell>0</cell></row>
    <row><cell>18</cell><cell>3</cell><cell>300000</cell><cell>???</cell><cell>0</cell><cell>advanced</cell><cell>LIGHTNING WOLF (A)</cell><cell>LIGHTNING WOLF (A)</cell><cell>LIGHTNING WOLF (A)</cell><cell>0</cell><cell>0</cell><cell>0</cell><cell>0</cell><cell>0</cell><cell>0</cell><cell>0</cell><cell>0</cell></row>
    <row><cell>19</cell><cell>4</cell><cell>200000</cell><cell>???</cell><cell>0</cell><cell>advanced</cell><cell>HAMMER SHARK (A)</cell><cell>HAMMER SHARK (A)</cell><cell>HAMMER SHARK (A)</cell><cell>0</cell><cell>0</cell><cell>0</cell><cell>0</cell><cell>0</cell><cell>0</cell><cell>0</cell><cell>0</cell></row>
    <row><cell>20</cell><cell>5</cell><cell>100000</cell><cell>???</cell><cell>0</cell><cell>advanced</cell><cell>FLAME VIPER (A)</cell><cell>FLAME VIPER (A)</cell><cell>FLAME VIPER (A)</cell><cell>0</cell><cell>0</cell><cell>0</cell><cell>0</cell><cell>0</cell><cell>0</cell><cell>0</cell><cell>0</cell></row>
  </table>
</hi2txt>

