<hi2txt>
  <table>
    <col>RANK</col><col>SCORE</col><col>NAME</col>
    <row><cell>1</cell><cell>127630</cell><cell>Y.TAGAMI</cell></row>
    <row><cell>2</cell><cell>119390</cell><cell>Y.SHIMIZU</cell></row>
    <row><cell>3</cell><cell>98710</cell><cell>M.HAMADA</cell></row>
    <row><cell>4</cell><cell>71090</cell><cell>T.TANABE</cell></row>
    <row><cell>5</cell><cell>60550</cell><cell>M.ISHIDA</cell></row>
    <row><cell>6</cell><cell>54170</cell><cell>K.ODAGIRI</cell></row>
    <row><cell>7</cell><cell>53610</cell><cell>R.SHOBU</cell></row>
    <row><cell>8</cell><cell>47950</cell><cell>MOMOKO.T</cell></row>
    <row><cell>9</cell><cell>31230</cell><cell>T.SUMITA</cell></row>
    <row><cell>10</cell><cell>26410</cell><cell>HIROKI.S</cell></row>
  </table>
</hi2txt>


