<hi2txt>
  <table>
    <col>RANK</col><col>SCORE</col><col>NAME</col><col>STAGE</col><col>RANKING</col><col>CHARACTER</col>
    <row><cell>1</cell><cell>240000</cell><cell>WILD RAN</cell><cell>All</cell><cell>A</cell><cell>?PEPLOS</cell></row>
    <row><cell>2</cell><cell>230000</cell><cell>YOSHIDA!</cell><cell>All</cell><cell>A</cell><cell>WINDINA</cell></row>
    <row><cell>3</cell><cell>220000</cell><cell>M.SAKAE!</cell><cell>All</cell><cell>A</cell><cell>?HELLHOUND</cell></row>
    <row><cell>4</cell><cell>210000</cell><cell>TOUYAMA </cell><cell>All</cell><cell>A</cell><cell>?ARYUSTAILM</cell></row>
    <row><cell>5</cell><cell>200000</cell><cell>KYO_KUN </cell><cell>All</cell><cell>A</cell><cell>?PEPLOS</cell></row>
    <row><cell>6</cell><cell>190000</cell><cell>DIAMOND </cell><cell>All</cell><cell>B</cell><cell>WINDINA</cell></row>
    <row><cell>7</cell><cell>180000</cell><cell>HEBOHEBO</cell><cell>All</cell><cell>B</cell><cell>?HELLHOUND</cell></row>
    <row><cell>8</cell><cell>170000</cell><cell>TOGETOGE</cell><cell>All</cell><cell>B</cell><cell>?ARYUSTAILM</cell></row>
    <row><cell>9</cell><cell>160000</cell><cell>GUNMALAY</cell><cell>All</cell><cell>B</cell><cell>?PEPLOS</cell></row>
    <row><cell>10</cell><cell>150000</cell><cell>KAORU.Y </cell><cell>5</cell><cell>B</cell><cell>WINDINA</cell></row>
    <row><cell>11</cell><cell>140000</cell><cell>Z32     </cell><cell>5</cell><cell>B</cell><cell>?HELLHOUND</cell></row>
    <row><cell>12</cell><cell>130000</cell><cell>TAKA    </cell><cell>5</cell><cell>C</cell><cell>?ARYUSTAILM</cell></row>
    <row><cell>13</cell><cell>120000</cell><cell>HISAO   </cell><cell>5</cell><cell>C</cell><cell>?PEPLOS</cell></row>
    <row><cell>14</cell><cell>110000</cell><cell>CAPTAIN </cell><cell>5</cell><cell>C</cell><cell>WINDINA</cell></row>
    <row><cell>15</cell><cell>100000</cell><cell>NENKO   </cell><cell>4</cell><cell>C</cell><cell>?HELLHOUND</cell></row>
    <row><cell>16</cell><cell>90000</cell><cell>TAKUJI  </cell><cell>4</cell><cell>C</cell><cell>?ARYUSTAILM</cell></row>
    <row><cell>17</cell><cell>80000</cell><cell>SAKI    </cell><cell>4</cell><cell>C</cell><cell>?PEPLOS</cell></row>
    <row><cell>18</cell><cell>70000</cell><cell>ZONO    </cell><cell>4</cell><cell>D</cell><cell>WINDINA</cell></row>
    <row><cell>19</cell><cell>60000</cell><cell>PANDORA </cell><cell>4</cell><cell>D</cell><cell>?HELLHOUND</cell></row>
    <row><cell>20</cell><cell>50000</cell><cell>NAOMI.Y </cell><cell>3</cell><cell>D</cell><cell>?ARYUSTAILM</cell></row>
    <row><cell>21</cell><cell>40000</cell><cell>LINE    </cell><cell>3</cell><cell>D</cell><cell>?PEPLOS</cell></row>
    <row><cell>22</cell><cell>30000</cell><cell>LUGER   </cell><cell>3</cell><cell>D</cell><cell>WINDINA</cell></row>
    <row><cell>23</cell><cell>20000</cell><cell>HIROSUE </cell><cell>3</cell><cell>D</cell><cell>?HELLHOUND</cell></row>
    <row><cell>24</cell><cell>10000</cell><cell>OSARU   </cell><cell>3</cell><cell>E</cell><cell>?ARYUSTAILM</cell></row>
    <row><cell>25</cell><cell>5000</cell><cell>KANACHAN</cell><cell>2</cell><cell>E</cell><cell>?PEPLOS</cell></row>
  </table>
</hi2txt>


