<hi2txt>
  <table>
    <col>RANK</col><col>SCORE</col><col>NAME</col><col>STAGE</col>
    <row><cell>1</cell><cell>10000</cell><cell>T.T</cell><cell>1</cell></row>
    <row><cell>2</cell><cell>10000</cell><cell>E.E</cell><cell>1</cell></row>
    <row><cell>3</cell><cell>10000</cell><cell>H.H</cell><cell>1</cell></row>
    <row><cell>4</cell><cell>10000</cell><cell>K.K</cell><cell>1</cell></row>
    <row><cell>5</cell><cell>10000</cell><cell>A.A</cell><cell>1</cell></row>
    <row><cell>6</cell><cell>10000</cell><cell>N.N</cell><cell>1</cell></row>
    <row><cell>7</cell><cell>10000</cell><cell>L.L</cell><cell>1</cell></row>
    <row><cell>8</cell><cell>10000</cell><cell>T.T</cell><cell>1</cell></row>
    <row><cell>9</cell><cell>10000</cell><cell>D.D</cell><cell>1</cell></row>
    <row><cell>10</cell><cell>10000</cell><cell>...</cell><cell>1</cell></row>
  </table>
</hi2txt>

