<hi2txt>
  <table>
    <col>RANK</col><col>SCORE</col><col>NAME</col>
    <row><cell>1</cell><cell>77700</cell><cell>Y.T</cell></row>
    <row><cell>2</cell><cell>48000</cell><cell>D.K</cell></row>
    <row><cell>3</cell><cell>36000</cell><cell>Y,S</cell></row>
    <row><cell>4</cell><cell>32000</cell><cell>M.S</cell></row>
    <row><cell>5</cell><cell>24000</cell><cell>K.H</cell></row>
    <row><cell>6</cell><cell>18000</cell><cell>K.N</cell></row>
    <row><cell>7</cell><cell>16000</cell><cell>M.N</cell></row>
    <row><cell>8</cell><cell>12000</cell><cell>M.K</cell></row>
    <row><cell>9</cell><cell>8000</cell><cell>A.S</cell></row>
    <row><cell>10</cell><cell>7700</cell><cell>H.I</cell></row>
  </table>
</hi2txt>


