<hi2txt>
  <table>
    <col>RANK</col><col>SCORE</col><col>NAME</col>
    <row><cell>1</cell><cell>15000</cell><cell>MJK</cell></row>
    <row><cell>2</cell><cell>15000</cell><cell>ERO</cell></row>
    <row><cell>3</cell><cell>15000</cell><cell>DGJ</cell></row>
    <row><cell>4</cell><cell>15000</cell><cell>VEC</cell></row>
    <row><cell>5</cell><cell>15000</cell><cell>MDF</cell></row>
    <row><cell>6</cell><cell>15000</cell><cell>VAS</cell></row>
    <row><cell>7</cell><cell>15000</cell><cell>SJP</cell></row>
    <row><cell>8</cell><cell>15000</cell><cell>EDH</cell></row>
    <row><cell>9</cell><cell>15000</cell><cell>AMS</cell></row>
    <row><cell>10</cell><cell>15000</cell><cell>AMS</cell></row>
  </table>
</hi2txt>


