<hi2txt>
  <table>
    <col>RANK</col><col>SCORE</col><col>NAME</col><col>STAGE</col>
    <row><cell>1</cell><cell>50000</cell><cell>TRO</cell><cell>6</cell></row>
    <row><cell>2</cell><cell>40000</cell><cell>IAN</cell><cell>5</cell></row>
    <row><cell>3</cell><cell>30000</cell><cell>BOT</cell><cell>4</cell></row>
    <row><cell>4</cell><cell>20000</cell><cell>TER</cell><cell>3</cell></row>
    <row><cell>5</cell><cell>10000</cell><cell>PAN</cell><cell>2</cell></row>
  </table>
</hi2txt>


