<hi2txt>
  <table id="TODAYS BUBBLES">
    <col>RANK</col><col>SCORE</col><col>NAME</col><col>FULL NAME</col>
    <row><cell>1</cell><cell>4000</cell><cell>   </cell><cell>                    </cell></row>
    <row><cell>2</cell><cell>4000</cell><cell>   </cell><cell></cell></row>
    <row><cell>3</cell><cell>4000</cell><cell>   </cell><cell></cell></row>
    <row><cell>4</cell><cell>4000</cell><cell>   </cell><cell></cell></row>
    <row><cell>5</cell><cell>4000</cell><cell>   </cell><cell></cell></row>
    <row><cell>6</cell><cell>4000</cell><cell>   </cell><cell></cell></row>
    <row><cell>7</cell><cell>4000</cell><cell>   </cell><cell></cell></row>
    <row><cell>8</cell><cell>4000</cell><cell>   </cell><cell></cell></row>
    <row><cell>9</cell><cell>4000</cell><cell>   </cell><cell></cell></row>
    <row><cell>10</cell><cell>4000</cell><cell>   </cell><cell></cell></row>
    <row><cell>11</cell><cell>4000</cell><cell>   </cell><cell></cell></row>
    <row><cell>12</cell><cell>4000</cell><cell>   </cell><cell></cell></row>
    <row><cell>13</cell><cell>4000</cell><cell>   </cell><cell></cell></row>
    <row><cell>14</cell><cell>4000</cell><cell>   </cell><cell></cell></row>
    <row><cell>15</cell><cell>4000</cell><cell>   </cell><cell></cell></row>
    <row><cell>16</cell><cell>4000</cell><cell>   </cell><cell></cell></row>
    <row><cell>17</cell><cell>4000</cell><cell>   </cell><cell></cell></row>
    <row><cell>18</cell><cell>4000</cell><cell>   </cell><cell></cell></row>
    <row><cell>19</cell><cell>4000</cell><cell>   </cell><cell></cell></row>
    <row><cell>20</cell><cell>4000</cell><cell>   </cell><cell></cell></row>
    <row><cell>21</cell><cell>4000</cell><cell>   </cell><cell></cell></row>
    <row><cell>22</cell><cell>4000</cell><cell>   </cell><cell></cell></row>
    <row><cell>23</cell><cell>4000</cell><cell>   </cell><cell></cell></row>
    <row><cell>24</cell><cell>4000</cell><cell>   </cell><cell></cell></row>
    <row><cell>25</cell><cell>4000</cell><cell>   </cell><cell></cell></row>
    <row><cell>26</cell><cell>4000</cell><cell>   </cell><cell></cell></row>
    <row><cell>27</cell><cell>4000</cell><cell>   </cell><cell></cell></row>
    <row><cell>28</cell><cell>4000</cell><cell>   </cell><cell></cell></row>
    <row><cell>29</cell><cell>4000</cell><cell>   </cell><cell></cell></row>
    <row><cell>30</cell><cell>4000</cell><cell>   </cell><cell></cell></row>
    <row><cell>31</cell><cell>4000</cell><cell>   </cell><cell></cell></row>
    <row><cell>32</cell><cell>4000</cell><cell>   </cell><cell></cell></row>
    <row><cell>33</cell><cell>4000</cell><cell>   </cell><cell></cell></row>
    <row><cell>34</cell><cell>4000</cell><cell>   </cell><cell></cell></row>
    <row><cell>35</cell><cell>4000</cell><cell>   </cell><cell></cell></row>
    <row><cell>36</cell><cell>4000</cell><cell>   </cell><cell></cell></row>
    <row><cell>37</cell><cell>4000</cell><cell>   </cell><cell></cell></row>
    <row><cell>38</cell><cell>4000</cell><cell>   </cell><cell></cell></row>
    <row><cell>39</cell><cell>4000</cell><cell>   </cell><cell></cell></row>
    <row><cell>40</cell><cell>4000</cell><cell>   </cell><cell></cell></row>
  </table>
  <table id="BEST BUBBLES">
    <col>RANK</col><col>BEST SCORE</col><col>BEST NAME</col>
    <row><cell>1</cell><cell>23310</cell><cell>JJK</cell></row>
    <row><cell>2</cell><cell>22917</cell><cell>TIM</cell></row>
    <row><cell>3</cell><cell>22552</cell><cell>ANG</cell></row>
    <row><cell>4</cell><cell>20522</cell><cell>BFD</cell></row>
    <row><cell>5</cell><cell>17635</cell><cell>RON</cell></row>
    <row><cell>6</cell><cell>16535</cell><cell>MRS</cell></row>
  </table>
</hi2txt>


