<hi2txt>
  <table id="TOP SCORES">
    <col>RANK</col><col>SCORE</col><col>NAME</col><col>STAGE</col>
    <row><cell>1</cell><cell>30000</cell><cell>I.F</cell><cell>32</cell></row>
    <row><cell>2</cell><cell>30000</cell><cell>MTJ</cell><cell>28</cell></row>
    <row><cell>3</cell><cell>30000</cell><cell>NSO</cell><cell>24</cell></row>
    <row><cell>4</cell><cell>30000</cell><cell>KIM</cell><cell>20</cell></row>
    <row><cell>5</cell><cell>30000</cell><cell>YSH</cell><cell>16</cell></row>
  </table>
</hi2txt>

