<hi2txt>
  <table>
    <col>RANK</col><col>SCORE</col><col>NAME</col><col>STAGE</col><col>CHARACTER</col>
    <row><cell>1</cell><cell>30000</cell><cell>KEPPEL  </cell><cell>F-06</cell><cell>BUBBLUN (GREEN)</cell></row>
    <row><cell>2</cell><cell>25000</cell><cell>HARUMI K</cell><cell>E-05</cell><cell>BOBBLUN (BLUE)</cell></row>
    <row><cell>3</cell><cell>20000</cell><cell>KUZUKAWA</cell><cell>D-04</cell><cell>BUBBY (BOY)</cell></row>
    <row><cell>4</cell><cell>15000</cell><cell>MARIRIN </cell><cell>C-03</cell><cell>CORORON (PURPLE)</cell></row>
    <row><cell>5</cell><cell>10000</cell><cell>NATSUKO </cell><cell>B-02</cell><cell>KULUN (GIRL)</cell></row>
    <row><cell>6</cell><cell>5000</cell><cell>FUMIN   </cell><cell>A-01</cell><cell>CORON (GIRL)</cell></row>
  </table>
</hi2txt>


