<hi2txt>
  <table>
    <col>RANK</col><col>SCORE</col><col>NAME</col>
    <row><cell>1</cell><cell>20000</cell><cell>I.K</cell></row>
    <row><cell>2</cell><cell>18000</cell><cell>T.I</cell></row>
    <row><cell>3</cell><cell>16000</cell><cell>A.Y</cell></row>
    <row><cell>4</cell><cell>15000</cell><cell>H.H</cell></row>
    <row><cell>5</cell><cell>14000</cell><cell>PAO</cell></row>
    <row><cell>6</cell><cell>13000</cell><cell>U.E</cell></row>
    <row><cell>7</cell><cell>12000</cell><cell>D.A</cell></row>
    <row><cell>8</cell><cell>11000</cell><cell>K.O</cell></row>
    <row><cell>9</cell><cell>10000</cell><cell>I.C</cell></row>
    <row><cell>10</cell><cell>9000</cell><cell>H.I</cell></row>
  </table>
</hi2txt>


