<hi2txt>
  <table>
    <col>RANK</col><col>SCORE</col><col>NAME</col>
    <row><cell>1</cell><cell>25600</cell><cell>.WINGS....</cell></row>
    <row><cell>2</cell><cell>20000</cell><cell>.TROJAN...</cell></row>
    <row><cell>3</cell><cell>18000</cell><cell>SECTION.Z.</cell></row>
    <row><cell>4</cell><cell>16000</cell><cell>.1942.....</cell></row>
    <row><cell>5</cell><cell>12000</cell><cell>.COMMAND..</cell></row>
    <row><cell>6</cell><cell>10000</cell><cell>EXED.EXES.</cell></row>
    <row><cell>7</cell><cell>8000</cell><cell>MAKAIMURA.</cell></row>
  </table>
</hi2txt>


