<hi2txt>
  <table>
    <col>RANK</col><col>SCORE</col><col>NAME</col>
    <row><cell>1</cell><cell>35200</cell><cell>NAOMI.S</cell></row>
    <row><cell>2</cell><cell>30100</cell><cell>K.T</cell></row>
    <row><cell>3</cell><cell>27000</cell><cell>MIKI KUN</cell></row>
    <row><cell>4</cell><cell>24000</cell><cell>NICE Y.N</cell></row>
    <row><cell>5</cell><cell>21000</cell><cell>POP KAWA</cell></row>
    <row><cell>6</cell><cell>20000</cell><cell>M.HARADA</cell></row>
  </table>
</hi2txt>


