<hi2txt>
  <table>
    <col>RANK</col><col>NAME</col><col>SCORE</col>
    <row><cell>1</cell><cell>T.F</cell><cell>40000</cell></row>
    <row><cell>2</cell><cell>KAN</cell><cell>38000</cell></row>
    <row><cell>3</cell><cell>YOK</cell><cell>37500</cell></row>
    <row><cell>4</cell><cell>KIT</cell><cell>35000</cell></row>
    <row><cell>5</cell><cell>KAD</cell><cell>34280</cell></row>
    <row><cell>6</cell><cell>GON</cell><cell>34260</cell></row>
    <row><cell>7</cell><cell>AKI</cell><cell>34000</cell></row>
    <row><cell>8</cell><cell>KAT</cell><cell>33840</cell></row>
    <row><cell>9</cell><cell>HOS</cell><cell>30100</cell></row>
    <row><cell>10</cell><cell>NAK</cell><cell>28080</cell></row>
    <row><cell>11</cell><cell>SUB</cell><cell>27500</cell></row>
    <row><cell>12</cell><cell>MIM</cell><cell>22000</cell></row>
    <row><cell>13</cell><cell>NAM</cell><cell>21701</cell></row>
    <row><cell>14</cell><cell>AKO</cell><cell>20520</cell></row>
    <row><cell>15</cell><cell>YOU</cell><cell>20200</cell></row>
    <row><cell>16</cell><cell>YUM</cell><cell>20001</cell></row>
    <row><cell>17</cell><cell>KAZ</cell><cell>19040</cell></row>
    <row><cell>18</cell><cell>KOB</cell><cell>17200</cell></row>
    <row><cell>19</cell><cell>FUK</cell><cell>17000</cell></row>
    <row><cell>20</cell><cell>KOU</cell><cell>15020</cell></row>
  </table>
</hi2txt>


