<hi2txt>
  <table>
    <col>RANK</col><col>SCORE</col><col>NAME</col>
    <row><cell>1</cell><cell>5000</cell><cell>EDR</cell></row>
    <row><cell>2</cell><cell>5000</cell><cell>MPH</cell></row>
    <row><cell>3</cell><cell>5000</cell><cell>JED</cell></row>
    <row><cell>4</cell><cell>5000</cell><cell>DES</cell></row>
    <row><cell>5</cell><cell>5000</cell><cell>TKE</cell></row>
    <row><cell>6</cell><cell>5000</cell><cell>VKB</cell></row>
    <row><cell>7</cell><cell>5000</cell><cell>EL </cell></row>
    <row><cell>8</cell><cell>5000</cell><cell>HAD</cell></row>
    <row><cell>9</cell><cell>5000</cell><cell>ORR</cell></row>
    <row><cell>10</cell><cell>5000</cell><cell>GJR</cell></row>
  </table>
</hi2txt>


