<hi2txt>
  <table>
    <col>RANK</col><col>SCORE</col><col>NAME</col><col>STAGE</col>
    <row><cell>1</cell><cell>99700</cell><cell>DYF</cell><cell>3-2</cell></row>
    <row><cell>2</cell><cell>94800</cell><cell>THO</cell><cell>3-1</cell></row>
    <row><cell>3</cell><cell>93800</cell><cell>NDY</cell><cell>2-4</cell></row>
    <row><cell>4</cell><cell>89600</cell><cell>FTH</cell><cell>2-3</cell></row>
    <row><cell>5</cell><cell>86200</cell><cell>OND</cell><cell>2-2</cell></row>
    <row><cell>6</cell><cell>76250</cell><cell>YFT</cell><cell>2-1</cell></row>
    <row><cell>7</cell><cell>59700</cell><cell>HON</cell><cell>1-4</cell></row>
    <row><cell>8</cell><cell>59400</cell><cell>DYF</cell><cell>1-3</cell></row>
    <row><cell>9</cell><cell>58400</cell><cell>THO</cell><cell>1-2</cell></row>
    <row><cell>10</cell><cell>28810</cell><cell>NIT</cell><cell>1-1</cell></row>
  </table>
</hi2txt>


