<hi2txt>
  <table>
    <col>RANK</col><col>SCORE</col><col>NAME</col><col>STAGE</col><col>CHARACTER</col>
    <row><cell>1</cell><cell>100000</cell><cell>BLA</cell><cell>1</cell><cell>F-36B Blaster</cell></row>
    <row><cell>2</cell><cell>90000</cell><cell>ALP</cell><cell>1</cell><cell>YF-222A Alpha Blade</cell></row>
    <row><cell>3</cell><cell>80000</cell><cell>TAK</cell><cell>1</cell><cell>???? ??????</cell></row>
    <row><cell>4</cell><cell>70000</cell><cell>STO</cell><cell>1</cell><cell>AH-99IV Stone Golem</cell></row>
    <row><cell>5</cell><cell>60000</cell><cell>GAL</cell><cell>1</cell><cell>XF-48G Galeria</cell></row>
    <row><cell>6</cell><cell>50000</cell><cell>OME</cell><cell>1</cell><cell>F/A-6&#969; Omega Arrow</cell></row>
    <row><cell>7</cell><cell>40000</cell><cell>SHO</cell><cell>1</cell><cell>?-58? ????</cell></row>
    <row><cell>8</cell><cell>30000</cell><cell>SYL</cell><cell>1</cell><cell>XH-10ix Sylph</cell></row>
    <row><cell>9</cell><cell>20000</cell><cell>SAM</cell><cell>1</cell><cell>F-36B Blaster</cell></row>
    <row><cell>10</cell><cell>10000</cell><cell>MY.</cell><cell>1</cell><cell>YF-222A Alpha Blade</cell></row>
  </table>
</hi2txt>

