<hi2txt>
  <table>
    <col>RANK</col><col>SCORE</col><col>NAME</col><col>CHARACTER</col><col>COIN</col>
    <row><cell>1</cell><cell>500000</cell><cell>ITO</cell><cell>CAPTAIN AMERICA</cell><cell>1</cell></row>
    <row><cell>2</cell><cell>400000</cell><cell>Tac</cell><cell>IRONMAN</cell><cell>10</cell></row>
    <row><cell>3</cell><cell>300000</cell><cell>H.O</cell><cell>ANDROID</cell><cell>50</cell></row>
    <row><cell>4</cell><cell>200000</cell><cell>GAU</cell><cell>HAWKEYE</cell><cell>99</cell></row>
    <row><cell>5</cell><cell>100000</cell><cell> X </cell><cell>CAPTAIN AMERICA</cell><cell>120</cell></row>
  </table>
</hi2txt>


